City_ID,City,Country,Date,Lat,Lng,Max Temp,Humidity,Cloudiness,Wind Speed
0,Ushuaia,AR,2020-07-11 15:10:20,-54.8,-68.3,32.0,91,75,3.36
1,Punta Arenas,CL,2020-07-11 15:10:20,-53.15,-70.92,35.01,86,75,11.41
2,Mataura,NZ,2020-07-11 15:10:21,-46.19,168.86,44.08,91,100,3.51
3,Butaritari,KI,2020-07-11 15:10:21,3.07,172.79,82.42,80,100,15.55
4,Mahebourg,MU,2020-07-11 15:10:21,-20.41,57.7,71.6,68,75,12.75
5,Houma,US,2020-07-11 15:09:31,29.6,-90.72,91.0,79,20,8.05
6,Puerto Ayora,EC,2020-07-11 15:10:21,-0.74,-90.35,68.0,90,100,1.01
7,Beringovskiy,RU,2020-07-11 15:10:21,63.05,179.32,48.96,82,99,3.09
8,Sistranda,NO,2020-07-11 15:10:21,63.73,8.83,53.6,81,75,17.22
9,Qaanaaq,GL,2020-07-11 15:10:21,77.48,-69.36,44.64,60,93,5.06
10,Irati,BR,2020-07-11 15:10:22,-25.47,-50.65,68.99,74,10,7.43
11,Necochea,AR,2020-07-11 15:09:52,-38.55,-58.74,46.0,65,23,13.0
12,Chuy,UY,2020-07-11 15:10:22,-33.7,-53.46,49.51,57,0,7.23
13,Kutum,SD,2020-07-11 15:10:22,14.2,24.67,83.23,41,53,6.22
14,Barrow,US,2020-07-11 15:10:01,71.29,-156.79,33.8,86,90,8.05
15,Touros,BR,2020-07-11 15:10:19,-5.2,-35.46,78.8,74,75,13.87
16,Udachnyy,RU,2020-07-11 15:10:22,66.42,112.4,68.0,52,90,8.95
17,Albany,US,2020-07-11 15:06:44,42.6,-73.97,84.0,74,75,1.01
18,Vaini,TO,2020-07-11 15:10:23,-21.2,-175.2,69.8,88,20,9.17
19,Kaitangata,NZ,2020-07-11 15:10:23,-46.28,169.85,50.0,55,100,4.0
20,Kapaa,US,2020-07-11 15:10:09,22.08,-159.32,78.8,83,90,12.75
21,Sao Filipe,CV,2020-07-11 15:07:14,14.9,-24.5,75.97,79,63,9.64
22,Bluff,NZ,2020-07-11 15:10:23,-46.6,168.33,50.11,80,100,24.61
23,Hay River,CA,2020-07-11 15:10:23,60.82,-115.8,64.4,77,40,4.7
24,Longyearbyen,SJ,2020-07-11 15:10:24,78.22,15.64,44.6,70,75,35.57
25,Cabo San Lucas,MX,2020-07-11 15:10:24,22.89,-109.91,86.0,51,20,4.7
26,Murdochville,CA,2020-07-11 15:10:24,48.96,-65.5,79.9,48,0,12.75
27,Benghazi,LY,2020-07-11 15:10:24,32.12,20.07,79.86,63,0,15.03
28,Lavrentiya,RU,2020-07-11 15:10:24,65.58,-171.0,46.35,68,0,6.89
29,Pacific Grove,US,2020-07-11 15:10:24,36.62,-121.92,57.99,87,75,3.36
30,Jamestown,US,2020-07-11 15:08:18,42.1,-79.24,73.99,100,90,6.93
31,Khani,GE,2020-07-11 15:10:25,41.96,42.96,82.4,69,75,11.41
32,Nakhon Phanom,TH,2020-07-11 15:10:25,17.41,104.78,81.01,75,100,2.19
33,Jumla,NP,2020-07-11 15:10:25,29.27,82.18,63.45,72,48,2.75
34,Rikitea,PF,2020-07-11 15:10:25,-23.12,-134.97,68.25,68,38,19.39
35,Saint-Philippe,RE,2020-07-11 15:10:25,-21.36,55.77,71.6,64,50,3.36
36,Huaidian,CN,2020-07-11 15:10:26,33.43,115.03,70.7,97,100,8.19
37,Port Hardy,CA,2020-07-11 15:10:05,50.7,-127.42,53.6,100,90,2.24
38,Tecoanapa,MX,2020-07-11 15:10:26,16.52,-98.75,77.02,92,100,0.96
39,Dunedin,NZ,2020-07-11 15:07:38,-45.87,170.5,50.0,58,100,1.99
40,Kota Bahru,MY,2020-07-11 15:10:26,6.13,102.24,78.8,88,40,6.93
41,Pisco,PE,2020-07-11 15:10:26,-13.7,-76.22,60.01,87,90,5.82
42,Presidencia Roque Saenz Pena,AR,2020-07-11 15:10:27,-26.79,-60.44,67.32,69,100,9.04
43,Bambous Virieux,MU,2020-07-11 15:10:27,-20.34,57.76,72.0,68,75,12.75
44,Iqaluit,CA,2020-07-11 15:10:27,63.75,-68.51,37.4,93,90,10.29
45,Kupang,ID,2020-07-11 15:10:27,-10.17,123.58,76.73,80,88,10.8
46,Tuktoyaktuk,CA,2020-07-11 15:10:27,69.45,-133.04,37.4,93,75,0.94
47,Fez,MA,2020-07-11 15:09:16,34.04,-5.0,109.4,10,40,12.75
48,Lima,PE,2020-07-11 15:07:50,-12.04,-77.03,59.0,87,90,6.93
49,Tiksi,RU,2020-07-11 15:10:28,71.69,128.87,48.49,87,100,8.88
50,Pevek,RU,2020-07-11 15:10:28,69.7,170.31,48.74,76,100,1.52
51,Lompoc,US,2020-07-11 15:05:53,34.64,-120.46,51.8,100,0,1.3
52,Rawson,AR,2020-07-11 15:10:28,-43.3,-65.1,44.87,56,22,37.22
53,Ribeira Grande,PT,2020-07-11 15:10:28,38.52,-28.7,73.4,73,20,9.17
54,Vallenar,CL,2020-07-11 15:10:28,-28.57,-70.76,70.5,23,0,1.99
55,Boyolangu,ID,2020-07-11 15:10:28,-8.12,111.89,75.16,88,74,4.88
56,Avarua,CK,2020-07-11 15:07:46,-21.21,-159.78,71.6,88,100,2.24
57,Savannah Bight,HN,2020-07-11 15:10:29,16.45,-85.85,82.51,78,9,14.58
58,Zhezkazgan,KZ,2020-07-11 15:10:29,47.8,67.71,82.65,25,0,15.82
59,Ketchikan,US,2020-07-11 15:10:29,55.34,-131.65,53.6,100,90,11.41
60,Ponta Delgada,PT,2020-07-11 15:10:29,37.73,-25.67,73.4,60,75,8.05
61,Utica,US,2020-07-11 15:10:11,43.1,-75.23,78.01,88,90,10.29
62,Pangai,TO,2020-07-11 15:10:29,-19.8,-174.35,75.24,79,76,18.12
63,Shingu,JP,2020-07-11 15:10:29,33.73,135.98,75.29,94,99,6.38
64,Sao Joao Da Barra,BR,2020-07-11 15:10:29,-21.64,-41.05,77.0,64,40,9.17
65,Hermanus,ZA,2020-07-11 15:10:30,-34.42,19.23,57.0,66,39,5.99
66,Caldwell,US,2020-07-11 15:08:01,43.66,-116.69,71.01,56,1,1.32
67,Sambava,MG,2020-07-11 15:10:30,-14.27,50.17,72.7,88,76,13.85
68,Hobart,AU,2020-07-11 15:07:59,-42.88,147.33,46.0,93,90,4.7
69,Dikson,RU,2020-07-11 15:10:30,73.51,80.55,43.09,86,79,13.04
70,Erdenet,MN,2020-07-11 15:10:30,49.03,104.08,57.54,77,86,0.54
71,Victoria,HK,2020-07-11 15:07:09,22.29,114.16,86.0,74,62,8.01
72,Hilo,US,2020-07-11 15:06:17,19.73,-155.09,73.4,78,75,5.82
73,Lebu,CL,2020-07-11 15:10:31,-37.62,-73.65,50.54,80,100,11.68
74,Sabha,LY,2020-07-11 15:10:31,27.04,14.43,100.53,12,21,4.25
75,Kavaratti,IN,2020-07-11 15:10:31,10.57,72.64,81.14,84,100,25.23
76,San Patricio,MX,2020-07-11 15:10:32,19.22,-104.7,86.0,74,75,0.07
77,Kodiak,US,2020-07-11 15:07:19,57.79,-152.41,54.23,84,0,1.95
78,Mar Del Plata,AR,2020-07-11 15:10:32,-38.0,-57.56,48.0,65,33,2.24
79,Cape Town,ZA,2020-07-11 15:10:32,-33.93,18.42,57.99,58,40,11.41
80,Fairbanks,US,2020-07-11 15:06:58,64.84,-147.72,52.0,81,1,5.3
81,Busselton,AU,2020-07-11 15:10:32,-33.65,115.33,45.0,68,0,12.95
82,Gushikawa,JP,2020-07-11 15:10:32,26.35,127.87,82.4,88,1,6.93
83,Bousse,BF,2020-07-11 15:10:32,12.66,-1.89,93.42,39,100,6.73
84,Port Blair,IN,2020-07-11 15:10:33,11.67,92.75,82.71,81,100,8.95
85,Takoradi,GH,2020-07-11 15:10:33,4.88,-1.76,77.58,78,65,11.88
86,Fortuna,US,2020-07-11 15:06:00,40.6,-124.16,57.99,93,90,6.93
87,Yar-Sale,RU,2020-07-11 15:10:33,66.83,70.83,58.84,58,37,10.07
88,Hithadhoo,MV,2020-07-11 15:10:33,-0.6,73.08,84.52,75,9,10.45
89,Norman Wells,CA,2020-07-11 15:08:37,65.28,-126.83,50.0,87,90,5.82
90,Yakima,US,2020-07-11 15:10:33,46.47,-120.67,66.0,51,1,6.93
91,Kudat,MY,2020-07-11 15:10:34,6.88,116.85,75.2,94,20,3.36
92,Maple Creek,CA,2020-07-11 15:11:01,49.92,-109.48,67.98,50,0,3.02
93,Alice Springs,AU,2020-07-11 15:11:01,-23.7,133.88,42.8,66,0,4.7
94,Upernavik,GL,2020-07-11 15:11:01,72.79,-56.15,41.65,82,0,7.27
95,Serafimovich,RU,2020-07-11 15:11:02,49.58,42.74,80.42,44,0,14.5
96,Chapais,CA,2020-07-11 15:11:02,49.78,-74.85,75.2,83,75,8.05
97,Okha,RU,2020-07-11 15:11:02,53.57,142.95,48.65,94,76,4.52
98,Katsuura,JP,2020-07-11 15:11:02,35.13,140.3,79.0,94,75,19.46
99,Tautira,PF,2020-07-11 15:11:02,-17.73,-149.15,73.4,73,20,4.7
100,Khatanga,RU,2020-07-11 15:11:03,71.97,102.5,51.15,82,99,12.71
101,Acapulco,MX,2020-07-11 15:08:00,16.86,-99.89,80.6,88,90,5.82
102,Sarab,IR,2020-07-11 15:11:03,38.61,44.99,76.57,48,67,4.25
103,Salinopolis,BR,2020-07-11 15:11:03,-0.61,-47.36,84.18,71,92,13.6
104,Severo-Kurilsk,RU,2020-07-11 15:11:03,50.68,156.12,50.63,89,100,3.65
105,Nikolskoye,RU,2020-07-11 15:11:04,59.7,30.79,64.4,48,76,13.42
106,Abha,SA,2020-07-11 15:11:04,18.22,42.51,86.0,39,40,6.93
107,Rudbar,AF,2020-07-11 15:11:04,30.15,62.6,99.81,9,0,15.86
108,Paamiut,GL,2020-07-11 15:11:04,61.99,-49.67,43.56,89,31,6.67
109,Cayenne,GF,2020-07-11 15:11:04,4.93,-52.33,87.8,62,75,6.93
110,Occhiobello,IT,2020-07-11 15:11:04,44.92,11.58,91.4,52,40,10.2
111,Uruguaiana,BR,2020-07-11 15:11:05,-29.75,-57.09,60.8,67,100,14.99
112,Chokurdakh,RU,2020-07-11 15:11:05,70.63,147.92,45.12,81,4,10.16
113,Rudnyy,KZ,2020-07-11 15:11:05,52.96,63.12,87.8,40,40,13.42
114,Torbay,CA,2020-07-11 15:08:36,47.67,-52.73,64.99,77,40,5.82
115,New Norfolk,AU,2020-07-11 15:11:05,-42.78,147.06,46.0,91,58,2.28
116,Praia,CV,2020-07-11 15:11:05,14.92,-23.51,86.0,51,20,11.41
117,San Cristobal,VE,2020-07-11 15:11:05,7.77,-72.22,82.4,65,40,9.17
118,Lovozero,RU,2020-07-11 15:11:05,68.0,35.01,56.62,76,93,5.75
119,Hualmay,PE,2020-07-11 15:11:06,-11.1,-77.61,64.2,67,16,7.0
120,Sirsa,IN,2020-07-11 15:11:06,29.53,75.02,101.86,31,30,8.95
121,Carinhanha,BR,2020-07-11 15:11:06,-14.3,-43.77,82.9,29,0,7.96
122,Bethel,US,2020-07-11 15:11:06,41.37,-73.41,80.6,74,75,8.05
123,Nanortalik,GL,2020-07-11 15:11:06,60.14,-45.24,44.58,92,98,9.37
124,Wajima,JP,2020-07-11 15:11:06,37.4,136.9,72.09,86,100,28.12
125,Bredasdorp,ZA,2020-07-11 15:11:06,-34.53,20.04,59.0,58,24,12.75
126,Esperance,AU,2020-07-11 15:11:07,-33.87,121.9,46.4,87,14,6.93
127,Grindavik,IS,2020-07-11 15:11:07,63.84,-22.43,51.8,81,75,14.99
128,Jiwani,PK,2020-07-11 15:11:07,25.05,61.74,84.94,85,17,21.45
129,Namibe,AO,2020-07-11 15:09:09,-15.2,12.15,75.2,53,0,11.41
130,East London,ZA,2020-07-11 15:11:07,-33.02,27.91,60.8,48,88,33.33
131,Albion,US,2020-07-11 15:07:07,42.24,-84.75,77.0,61,1,10.29
132,Bondo,CD,2020-07-11 15:11:07,3.81,23.69,79.0,92,88,2.71
133,Narsaq,GL,2020-07-11 15:11:08,60.92,-46.05,55.4,76,75,6.93
134,College,US,2020-07-11 15:11:08,64.86,-147.8,52.0,66,75,6.93
135,Takanosu,JP,2020-07-11 15:11:08,40.22,140.37,66.76,93,100,4.34
136,Mbandaka,CD,2020-07-11 15:11:08,0.05,18.26,82.0,69,95,1.39
137,Airai,TL,2020-07-11 15:09:40,-8.93,125.41,57.79,100,35,3.6
138,Hasaki,JP,2020-07-11 15:11:08,35.73,140.83,80.6,83,75,14.99
139,Geraldton,AU,2020-07-11 15:11:04,-28.77,114.6,50.0,53,0,12.75
140,Constitucion,CL,2020-07-11 15:11:09,-35.33,-72.42,50.41,68,100,7.14
141,Arraial Do Cabo,BR,2020-07-11 15:11:09,-22.97,-42.03,77.0,57,0,19.46
142,Todos Santos,MX,2020-07-11 15:11:09,23.45,-110.22,82.0,72,0,1.99
143,Brainerd,US,2020-07-11 15:11:09,46.36,-94.2,78.8,54,1,3.36
144,Cherskiy,RU,2020-07-11 15:11:09,68.75,161.3,46.02,95,40,11.16
145,Georgetown,MY,2020-07-11 15:10:15,5.41,100.34,80.6,94,20,4.7
146,Vanavara,RU,2020-07-11 15:11:10,60.34,102.28,54.16,85,0,4.03
147,Egvekinot,RU,2020-07-11 15:09:53,66.32,-179.17,53.76,62,92,3.58
148,Cape Canaveral,US,2020-07-11 15:11:10,28.41,-80.6,89.01,79,40,12.75
149,Makinsk,KZ,2020-07-11 15:11:10,52.63,70.42,73.29,71,7,3.11
150,Verkhnyaya Pyshma,RU,2020-07-11 15:11:10,56.97,60.58,78.8,61,40,13.42
151,Fairlie,GB,2020-07-11 15:11:10,55.76,-4.86,64.0,70,50,5.99
152,Port Alfred,ZA,2020-07-11 15:11:11,-33.59,26.89,57.96,64,94,28.32
153,Goderich,CA,2020-07-11 15:11:11,43.75,-81.72,70.0,84,100,19.42
154,Manaus,BR,2020-07-11 15:11:11,-3.1,-60.02,86.0,83,40,4.7
155,Las Palmas,ES,2020-07-11 15:11:11,28.42,-14.01,77.0,73,7,17.22
156,Ruidoso,US,2020-07-11 15:11:11,33.33,-105.67,82.0,22,1,5.82
157,Birao,CF,2020-07-11 15:11:12,10.28,22.79,79.7,72,100,5.7
158,San Luis,AR,2020-07-11 15:10:12,-33.3,-66.34,56.84,46,28,21.74
159,Yellowknife,CA,2020-07-11 15:06:39,62.46,-114.35,66.99,82,75,6.93
160,Mount Pleasant,US,2020-07-11 15:11:12,32.79,-79.86,91.0,74,1,2.64
161,Atambua,ID,2020-07-11 15:11:12,-9.11,124.89,71.44,88,92,6.22
162,Kirovskiy,RU,2020-07-11 15:11:12,45.09,133.51,62.35,92,8,0.78
163,Kulhudhuffushi,MV,2020-07-11 15:11:12,6.62,73.07,83.68,75,100,11.25
164,Marsh Harbour,BS,2020-07-11 15:11:12,26.54,-77.06,85.95,68,100,16.49
165,Roebourne,AU,2020-07-11 15:11:13,-20.78,117.13,68.97,30,0,15.01
166,Dafeng,CN,2020-07-11 15:11:13,23.45,108.59,80.04,87,100,6.53
167,Kalmunai,LK,2020-07-11 15:11:13,7.42,81.82,82.72,79,95,10.63
168,Paka,MY,2020-07-11 15:08:04,4.64,103.44,77.0,94,78,3.36
169,Broome,US,2020-07-11 15:11:13,42.25,-75.83,81.0,73,40,11.41
170,Klaksvik,FO,2020-07-11 15:11:13,62.23,-6.59,51.8,87,31,9.17
171,Coquimbo,CL,2020-07-11 15:08:05,-29.95,-71.34,50.0,100,20,5.82
172,Lata,PT,2020-07-11 15:11:14,40.16,-8.33,97.0,50,48,11.45
173,Eyl,SO,2020-07-11 15:11:14,7.98,49.82,86.61,52,89,26.57
174,Qaqortoq,GL,2020-07-11 15:11:14,60.72,-46.03,55.4,76,75,6.93
175,Payakumbuh,ID,2020-07-11 15:11:14,-0.22,100.63,71.6,89,95,1.57
176,Tasiilaq,GL,2020-07-11 15:11:14,65.61,-37.64,46.4,70,20,18.34
177,Mitsamiouli,KM,2020-07-11 15:11:14,-11.38,43.28,82.4,65,40,10.29
178,Atuona,PF,2020-07-11 15:11:14,-9.8,-139.03,79.88,76,31,21.39
179,Cidreira,BR,2020-07-11 15:09:20,-30.18,-50.21,57.4,94,100,7.23
180,Boquete,PA,2020-07-11 15:11:15,8.78,-82.43,72.0,54,73,1.99
181,San Quintin,MX,2020-07-11 15:11:15,30.48,-115.95,74.39,61,27,8.23
182,Ukiah,US,2020-07-11 15:11:15,39.15,-123.21,63.0,76,1,2.33
183,Reconquista,AR,2020-07-11 15:09:10,-29.15,-59.65,61.2,60,100,11.77
184,Siilinjarvi,FI,2020-07-11 15:11:15,63.08,27.67,55.4,87,90,9.17
185,Grafton,US,2020-07-11 15:06:27,42.21,-71.69,84.99,74,20,18.34
186,Jacareacanga,BR,2020-07-11 15:11:16,-6.22,-57.75,91.26,40,0,3.44
187,Caravelas,BR,2020-07-11 15:11:18,-17.71,-39.25,79.39,59,29,6.13
188,Port Elizabeth,ZA,2020-07-11 15:11:19,-33.92,25.57,55.4,76,75,21.92
189,Sabang,ID,2020-07-11 15:11:19,5.89,95.32,83.88,75,96,9.22
190,Shitanjing,CN,2020-07-11 15:11:19,39.23,106.34,63.48,68,100,14.85
191,Onalaska,US,2020-07-11 15:11:19,43.88,-91.24,75.99,78,1,6.93
192,Bathsheba,BB,2020-07-11 15:11:19,13.22,-59.52,87.8,66,40,18.34
193,Saint-Francois,FR,2020-07-11 15:11:20,46.42,3.91,79.0,22,0,10.29
194,Caluquembe,AO,2020-07-11 15:11:20,-13.78,14.68,80.92,16,0,5.41
195,Viedma,AR,2020-07-11 15:11:20,-40.81,-63.0,48.83,50,86,24.4
196,Luzon,PH,2020-07-11 15:11:20,6.52,126.09,82.13,76,100,3.36
197,Hofn,IS,2020-07-11 15:09:27,64.25,-15.21,51.33,76,100,4.18
198,Jerez,GT,2020-07-11 15:11:20,14.1,-89.75,75.2,100,100,3.89
199,Naryan-Mar,RU,2020-07-11 15:11:20,67.67,53.09,64.99,50,0,13.11
200,Bonthe,SL,2020-07-11 15:11:21,7.53,-12.51,77.41,86,96,12.8
201,Castro,BR,2020-07-11 15:07:34,-24.79,-50.01,69.67,63,44,12.01
202,Vanimo,PG,2020-07-11 15:11:21,-2.67,141.3,78.53,84,100,6.78
203,Huarmey,PE,2020-07-11 15:11:21,-10.07,-78.15,64.92,67,95,6.55
204,Myaundzha,RU,2020-07-11 15:11:21,63.05,147.19,50.38,77,3,2.42
205,Kahului,US,2020-07-11 15:09:38,20.89,-156.47,78.8,57,20,16.11
206,Faanui,PF,2020-07-11 15:11:21,-16.48,-151.75,77.58,79,36,18.41
207,Olafsvik,IS,2020-07-11 15:11:22,64.89,-23.71,51.96,85,100,12.17
208,Safaga,EG,2020-07-11 15:11:22,26.73,33.94,98.6,29,0,16.11
209,Muzhi,RU,2020-07-11 15:11:22,65.37,64.67,59.7,82,100,19.04
210,Saskylakh,RU,2020-07-11 15:11:22,71.92,114.08,65.03,81,75,11.77
211,Presov,SK,2020-07-11 15:11:22,49.17,21.25,57.0,86,93,5.01
212,Winneba,GH,2020-07-11 15:11:22,5.35,-0.62,80.6,74,75,6.93
213,Synya,RU,2020-07-11 15:11:23,65.37,58.04,67.33,53,70,6.6
214,Zilair,RU,2020-07-11 15:11:23,52.23,57.44,78.75,66,48,3.76
215,Muromtsevo,RU,2020-07-11 15:11:23,56.37,75.24,67.5,78,75,5.75
216,Hamilton,US,2020-07-11 15:10:33,39.18,-84.53,84.0,61,1,5.82
217,Nador,MA,2020-07-11 15:11:23,35.17,-2.93,82.4,74,75,11.41
218,Inhambane,MZ,2020-07-11 15:11:23,-23.86,35.38,78.8,78,11,17.22
219,Sur,OM,2020-07-11 15:11:23,22.57,59.53,89.37,63,41,8.52
220,Drumnadrochit,GB,2020-07-11 15:11:24,57.33,-4.48,62.6,63,75,14.99
221,Ovalle,CL,2020-07-11 15:11:24,-30.6,-71.2,63.05,46,0,1.77
222,Pemba,MZ,2020-07-11 15:11:24,-12.97,40.52,77.0,78,75,8.05
223,Ballina,AU,2020-07-11 15:11:24,-28.87,153.57,64.4,77,90,10.29
224,Atar,MR,2020-07-11 15:11:24,20.52,-13.05,102.13,21,0,10.94
225,Ler,SS,2020-07-11 15:11:24,8.3,30.14,89.24,59,92,2.75
226,Janauba,BR,2020-07-11 15:11:24,-15.8,-43.31,81.43,33,0,11.14
227,Deer Lake,CA,2020-07-11 15:11:25,49.17,-57.43,75.2,57,40,5.82
228,Zhigansk,RU,2020-07-11 15:09:32,66.77,123.37,64.51,74,96,14.81
229,Padang,ID,2020-07-11 15:10:33,-0.95,100.35,79.36,78,95,4.18
230,Batagay,RU,2020-07-11 15:11:25,67.63,134.63,63.37,43,59,4.14
231,Santa Maria,BR,2020-07-11 15:11:25,-29.68,-53.81,59.0,87,75,2.24
232,Haines Junction,CA,2020-07-11 15:11:25,60.75,-137.51,49.78,74,100,2.95
233,Esso,RU,2020-07-11 15:11:26,55.93,158.7,55.4,82,94,1.61
234,Rosendal,NO,2020-07-11 15:11:27,59.99,6.01,54.0,76,85,1.99
235,Schladming,AT,2020-07-11 15:11:27,47.39,13.69,57.0,96,100,2.39
236,Ahipara,NZ,2020-07-11 15:11:27,-35.17,173.17,49.82,82,42,2.95
237,Puerto Escondido,MX,2020-07-11 15:11:27,15.85,-97.07,80.6,74,75,2.95
238,Oistins,BB,2020-07-11 15:11:27,13.07,-59.53,87.8,66,40,18.34
239,Port Macquarie,AU,2020-07-11 15:11:27,-31.43,152.92,52.0,97,100,4.76
240,Lorengau,PG,2020-07-11 15:11:28,-2.02,147.27,81.5,77,51,5.93
241,Ferrol,ES,2020-07-11 15:11:28,43.48,-8.24,81.0,47,0,12.75
242,Tallahassee,US,2020-07-11 15:07:15,30.44,-84.28,89.01,83,40,9.17
243,Samarai,PG,2020-07-11 15:11:28,-10.62,150.67,77.72,88,100,15.19
244,Yeppoon,AU,2020-07-11 15:11:28,-23.13,150.73,57.2,93,90,1.12
245,Flin Flon,CA,2020-07-11 15:11:28,54.77,-101.86,64.4,88,75,3.36
246,Camacha,PT,2020-07-11 15:11:28,33.08,-16.33,71.6,73,40,17.22
247,Palmer,US,2020-07-11 15:09:54,42.16,-72.33,84.2,66,75,8.05
248,Adrar,MR,2020-07-11 15:11:29,20.5,-10.07,104.38,15,0,10.69
249,Carnarvon,AU,2020-07-11 15:11:29,-24.87,113.63,59.0,67,0,8.05
250,Northam,GB,2020-07-11 15:11:29,51.03,-4.22,68.0,61,0,4.0
251,Kruisfontein,ZA,2020-07-11 15:11:29,-34.0,24.73,52.66,65,59,17.18
252,Ibimirim,BR,2020-07-11 15:11:30,-8.54,-37.69,84.34,34,14,17.45
253,Fitchburg,US,2020-07-11 15:10:16,42.58,-71.8,84.0,69,20,14.99
254,Port Hedland,AU,2020-07-11 15:11:30,-20.32,118.57,64.4,23,0,8.05
255,Winterberg,DE,2020-07-11 15:11:31,51.2,8.53,68.0,45,53,8.05
256,Port Hueneme,US,2020-07-11 15:11:31,34.15,-119.2,62.6,100,90,3.85
257,Tomakomai,JP,2020-07-11 15:11:31,42.64,141.6,66.2,88,75,1.12
258,Mehamn,NO,2020-07-11 15:11:31,71.04,27.85,52.18,72,83,6.38
259,Mut,TR,2020-07-11 15:11:31,36.64,33.44,98.55,17,0,13.8
260,Fayaoue,NC,2020-07-11 15:11:31,-20.65,166.53,71.22,77,12,18.75
261,Ushtobe,KZ,2020-07-11 15:11:31,45.25,77.98,69.39,65,27,5.64
262,Ancud,CL,2020-07-11 15:11:32,-41.87,-73.82,45.0,81,75,4.7
263,Fare,PF,2020-07-11 15:11:32,-16.7,-151.02,78.15,77,7,17.65
264,Banting,MY,2020-07-11 15:11:32,2.82,101.5,82.4,78,20,4.7
265,Dauphin,CA,2020-07-11 15:08:41,51.15,-100.05,68.0,82,1,4.7
266,Moose Factory,CA,2020-07-11 15:11:32,51.26,-80.61,60.8,100,90,5.82
267,Isangel,VU,2020-07-11 15:11:33,-19.55,169.27,69.48,81,33,13.2
268,Myszkow,PL,2020-07-11 15:11:33,50.58,19.32,53.01,100,75,3.36
269,Bubaque,GW,2020-07-11 15:11:33,11.28,-15.83,79.2,88,100,20.87
270,Payette,US,2020-07-11 15:09:14,44.08,-116.93,73.0,52,1,2.04
271,Doha,QA,2020-07-11 15:11:34,25.29,51.53,104.0,35,100,4.7
272,Thompson,CA,2020-07-11 15:11:34,55.74,-97.86,59.0,82,75,3.36
273,Orsha,BY,2020-07-11 15:11:34,54.52,30.41,73.4,60,18,15.66
274,Raudeberg,NO,2020-07-11 15:11:34,61.99,5.14,51.01,91,100,18.48
275,Butembo,CD,2020-07-11 15:11:34,0.15,29.28,68.47,87,89,1.01
276,Saint George,US,2020-07-11 15:11:34,37.1,-113.58,87.01,22,1,3.36
277,Berbera,SO,2020-07-11 15:11:34,10.44,45.01,94.87,40,25,7.14
278,Bengkulu,ID,2020-07-11 15:11:34,-3.8,102.27,78.57,87,95,3.96
279,Abu Samrah,SY,2020-07-11 15:11:35,35.3,37.18,93.61,28,0,19.33
280,Alta Floresta,BR,2020-07-11 15:11:35,-9.88,-56.09,89.6,40,0,2.24
281,Bedford,GB,2020-07-11 15:06:53,52.13,-0.47,69.01,52,20,11.41
282,Tupelo,US,2020-07-11 15:11:35,34.26,-88.7,87.01,62,1,3.36
283,Barranca,PE,2020-07-11 15:11:35,-10.75,-77.77,63.5,70,71,7.0
284,Srednekolymsk,RU,2020-07-11 15:11:35,67.45,153.68,54.07,79,0,3.67
285,Manaure,CO,2020-07-11 15:11:36,11.78,-72.44,82.4,74,75,6.93
286,Porbandar,IN,2020-07-11 15:11:36,21.64,69.61,84.69,83,86,18.03
287,Nordfjordeid,NO,2020-07-11 15:11:36,61.91,5.99,51.8,81,75,5.82
288,Papa,HU,2020-07-11 15:08:50,47.33,17.47,66.2,59,75,24.16
289,Namatanai,PG,2020-07-11 15:11:36,-3.67,152.43,79.56,82,20,7.67
290,Kudahuvadhoo,MV,2020-07-11 15:11:36,2.67,72.89,84.31,76,41,12.15
291,Muros,ES,2020-07-11 15:11:37,42.78,-9.06,84.99,51,0,11.41
292,Quatre Cocos,MU,2020-07-11 15:11:37,-20.21,57.76,72.0,68,75,12.75
293,Coihaique,CL,2020-07-11 15:11:37,-45.58,-72.07,33.8,87,75,5.82
294,Benguela,AO,2020-07-11 15:11:37,-12.58,13.41,75.2,69,20,6.93
295,Ponta Do Sol,PT,2020-07-11 15:11:37,32.67,-17.1,78.8,57,20,19.46
296,Agadez,NE,2020-07-11 15:11:37,19.75,10.25,106.99,8,65,4.56
297,Machilipatnam,IN,2020-07-11 15:11:37,16.17,81.13,82.4,94,90,6.93
298,Bodden Town,KY,2020-07-11 15:11:38,19.28,-81.25,88.0,74,40,10.29
299,Pandan,PH,2020-07-11 15:11:38,14.05,124.17,80.76,82,34,4.59
300,Bilma,NE,2020-07-11 15:11:38,18.69,12.92,107.37,12,23,7.07
301,Venice,US,2020-07-11 15:09:39,27.1,-82.45,89.01,66,20,14.99
302,Naze,JP,2020-07-11 15:11:38,28.37,129.48,80.6,100,84,4.7
303,Komsomolskiy,UZ,2020-07-11 15:11:38,40.43,71.72,86.0,27,90,6.93
304,Nishihara,JP,2020-07-11 15:10:06,26.18,127.76,84.2,88,40,4.7
305,Tazovskiy,RU,2020-07-11 15:11:39,67.47,78.7,56.52,62,4,9.66
306,Mansa,IN,2020-07-11 15:11:39,29.98,75.38,93.78,45,56,8.79
307,Arica,CL,2020-07-11 15:11:39,-18.48,-70.3,60.8,67,90,3.36
308,Faya,SA,2020-07-11 15:11:39,18.39,42.45,86.0,39,40,6.93
309,Mount Gambier,AU,2020-07-11 15:11:39,-37.83,140.77,48.2,93,75,8.05
310,Lebyazhye,RU,2020-07-11 15:11:39,55.27,66.49,79.39,74,6,9.62
311,Porto Velho,BR,2020-07-11 15:11:39,-8.76,-63.9,77.0,78,75,3.36
312,Andra,RU,2020-07-11 15:11:40,62.51,65.89,65.43,76,20,17.56
313,Grand Gaube,MU,2020-07-11 15:11:40,-20.01,57.66,72.0,69,92,13.0
314,Waipawa,NZ,2020-07-11 15:11:40,-41.41,175.52,52.0,71,97,18.34
315,Shepsi,RU,2020-07-11 15:11:40,44.04,39.15,79.65,62,0,3.27
316,Chapayevka,UA,2020-07-11 15:11:40,47.47,36.35,80.44,41,0,9.78
317,Cabanas,CU,2020-07-11 15:11:40,22.98,-82.92,86.0,74,40,5.82
318,Karachi,PK,2020-07-11 15:06:56,24.91,67.08,89.6,66,75,18.34
319,Soyo,AO,2020-07-11 15:11:41,-6.13,12.37,78.8,74,20,9.17
320,Brewster,US,2020-07-11 15:09:23,41.4,-73.62,80.6,74,75,8.05
321,Sarakhs,IR,2020-07-11 15:11:41,36.54,61.16,95.0,21,0,6.93
322,Mezen,RU,2020-07-11 15:11:41,65.85,44.24,62.42,59,100,2.37
323,Bilibino,RU,2020-07-11 15:11:41,68.05,166.44,57.81,86,100,2.66
324,Havelock,US,2020-07-11 15:11:42,34.88,-76.9,87.01,66,75,5.82
325,Shakawe,BW,2020-07-11 15:11:42,-18.37,21.85,75.2,19,0,8.12
326,Tilichiki,RU,2020-07-11 15:11:42,60.47,166.1,48.09,100,100,3.09
327,Vardo,NO,2020-07-11 15:11:42,70.37,31.11,53.6,66,75,10.29
328,Taldan,RU,2020-07-11 15:11:42,53.67,124.8,66.65,89,29,2.28
329,Ulagan,RU,2020-07-11 15:11:42,50.63,87.96,52.25,81,98,1.34
330,Kabwe,ZM,2020-07-11 15:11:43,-14.45,28.45,81.61,31,41,8.68
331,Kommunar,RU,2020-07-11 15:11:43,59.62,30.39,64.4,48,75,13.42
332,Wangqing,CN,2020-07-11 15:11:43,43.32,129.76,60.03,92,95,2.86
333,Yerbogachen,RU,2020-07-11 15:11:43,61.28,108.01,56.3,82,94,5.55
334,Ostrovnoy,RU,2020-07-11 15:11:43,68.05,39.51,63.84,52,16,11.83
335,Kangaatsiaq,GL,2020-07-11 15:11:43,68.31,-53.46,43.95,80,100,7.31
336,Makakilo City,US,2020-07-11 15:11:44,21.35,-158.09,78.8,73,75,3.36
337,Kavieng,PG,2020-07-11 15:11:44,-2.57,150.8,82.09,75,100,6.98
338,Taguatinga,BR,2020-07-11 15:11:44,-12.39,-46.57,87.82,37,6,8.34
339,Delfzijl,NL,2020-07-11 15:11:44,53.33,6.92,66.99,58,6,5.01
340,Svetlogorsk,BY,2020-07-11 15:11:44,52.63,29.73,79.54,75,4,3.74
341,Luanda,AO,2020-07-11 15:11:12,-8.84,13.23,73.4,78,90,6.93
342,Karratha,AU,2020-07-11 15:11:44,-20.74,116.85,68.63,29,0,15.12
343,Maceio,BR,2020-07-11 15:11:45,-9.67,-35.74,82.4,65,40,11.41
344,Provideniya,RU,2020-07-11 15:11:45,64.38,-173.3,50.05,84,7,5.1
345,Pangnirtung,CA,2020-07-11 15:11:45,66.15,-65.71,46.4,87,75,11.41
346,Mikuni,JP,2020-07-11 15:11:45,36.22,136.15,73.4,83,75,17.22
347,Along,IN,2020-07-11 15:07:04,28.17,94.77,73.8,90,100,1.16
348,Vostok,RU,2020-07-11 15:11:45,46.49,135.88,54.43,99,1,3.51
349,Itau De Minas,BR,2020-07-11 15:06:50,-20.74,-46.75,76.46,48,0,7.05
350,Prieska,ZA,2020-07-11 15:11:46,-29.66,22.75,53.56,38,0,12.44
351,San Nicolas,PH,2020-07-11 15:11:46,18.17,120.6,81.57,77,92,4.07
352,Port Lincoln,AU,2020-07-11 15:11:46,-34.73,135.87,52.88,81,45,13.44
353,Riyadh,SA,2020-07-11 15:07:26,24.69,46.72,109.4,10,59,13.87
354,Sokode,TG,2020-07-11 15:09:03,8.98,1.13,79.48,81,83,6.22
355,Itapetinga,BR,2020-07-11 15:11:46,-15.25,-40.25,76.15,57,75,5.3
356,Verkhnevilyuysk,RU,2020-07-11 15:11:46,63.45,120.32,73.4,69,22,6.69
357,Eldorado,BR,2020-07-11 15:11:46,-23.79,-54.28,67.01,80,100,7.83
358,Sechura,PE,2020-07-11 15:11:47,-5.56,-80.82,68.25,67,56,11.72
359,Koundara,GN,2020-07-11 15:11:47,12.48,-13.3,90.16,55,75,6.4
360,Bowen,AU,2020-07-11 15:11:47,-20.02,148.23,64.99,93,75,3.36
361,Abu Kamal,SY,2020-07-11 15:11:47,34.45,40.92,107.15,9,0,13.33
362,Garoafa,RO,2020-07-11 15:11:47,45.78,27.2,86.0,35,40,9.17
363,La Asuncion,VE,2020-07-11 15:11:47,11.03,-63.86,82.08,78,99,11.36
364,Nguru,NG,2020-07-11 15:08:04,12.88,10.45,95.54,31,17,5.93
365,Luganville,VU,2020-07-11 15:11:48,-15.53,167.17,77.31,83,95,16.22
366,Natal,BR,2020-07-11 15:11:48,-5.79,-35.21,78.8,74,75,11.41
367,Anloga,GH,2020-07-11 15:11:48,5.79,0.9,78.8,88,20,12.75
368,Champerico,GT,2020-07-11 15:11:48,14.3,-91.92,80.6,78,75,4.7
369,Vagur,FO,2020-07-11 15:11:48,61.47,-6.81,50.9,94,100,18.21
370,Santa Marta,CO,2020-07-11 15:11:49,11.24,-74.2,86.0,74,75,6.93
371,Kashi,CN,2020-07-11 15:11:49,39.45,75.98,86.0,13,40,20.13
372,Clemson,US,2020-07-11 15:11:49,34.68,-82.84,84.2,54,1,3.36
373,Oshnaviyeh,IR,2020-07-11 15:11:49,37.04,45.1,75.2,47,75,6.93
374,Bahir Dar,ET,2020-07-11 15:11:49,11.59,37.39,69.39,79,49,4.65
375,Chiplun,IN,2020-07-11 15:11:49,17.53,73.52,79.93,83,100,3.51
376,Punto Fijo,VE,2020-07-11 15:07:08,11.7,-70.2,84.16,62,68,27.29
377,Weligama,LK,2020-07-11 15:11:49,5.97,80.42,80.31,86,92,7.11
378,Dingle,PH,2020-07-11 15:11:50,11.0,122.67,78.12,85,86,3.18
379,Nouadhibou,MR,2020-07-11 15:11:50,20.93,-17.03,77.0,65,0,17.22
380,Bayanday,RU,2020-07-11 15:11:50,53.07,105.51,61.45,94,99,3.31
381,Shar,KZ,2020-07-11 15:11:50,49.59,81.05,65.57,63,66,9.53
382,Ayan,RU,2020-07-11 15:11:50,56.45,138.17,50.4,95,99,2.62
383,Kropotkin,RU,2020-07-11 15:11:50,45.44,40.58,82.49,46,0,9.08
384,Tabuk,PH,2020-07-11 15:11:50,17.42,121.44,76.66,87,89,3.31
385,Ndende,GA,2020-07-11 15:11:51,-2.4,11.36,84.38,57,67,2.24
386,Sinnamary,GF,2020-07-11 15:11:51,5.38,-52.95,83.59,78,17,10.13
387,Pakokku,MM,2020-07-11 15:11:51,21.33,95.1,85.32,61,100,12.06
388,Malpe,IN,2020-07-11 15:11:51,13.35,74.72,80.6,83,75,6.93
389,Lambarene,GA,2020-07-11 15:11:51,-0.7,10.24,83.8,62,48,4.94
390,Guerrero Negro,MX,2020-07-11 15:08:00,27.98,-114.06,77.67,45,2,6.08
391,Saint-Leu,RE,2020-07-11 15:11:51,-21.15,55.28,71.6,64,53,3.36
392,Licata,IT,2020-07-11 15:11:52,37.11,13.95,86.0,48,0,11.41
393,Quthing,LS,2020-07-11 15:11:52,-30.4,27.7,40.14,69,100,11.83
394,Deputatskiy,RU,2020-07-11 15:11:52,69.3,139.9,58.39,62,100,1.32
395,Aksarka,RU,2020-07-11 15:11:52,66.56,67.8,63.09,77,100,3.65
396,Emerald,AU,2020-07-11 15:11:52,-23.53,148.17,60.8,77,89,5.82
397,Talnakh,RU,2020-07-11 15:11:52,69.49,88.4,51.8,87,75,17.9
398,Nizhniy Baskunchak,RU,2020-07-11 15:11:53,48.22,46.83,97.18,18,30,13.8
399,Radzyn Podlaski,PL,2020-07-11 15:11:53,51.78,22.62,60.01,71,75,11.41
400,Rincon,US,2020-07-11 15:09:23,32.3,-81.24,91.99,70,1,4.7
401,Gatton,AU,2020-07-11 15:11:53,-27.55,152.28,59.0,100,40,0.94
402,Clyde River,CA,2020-07-11 15:11:53,70.47,-68.59,53.6,58,20,4.7
403,Mount Isa,AU,2020-07-11 15:11:53,-20.73,139.5,64.4,34,67,17.22
404,Manokwari,ID,2020-07-11 15:11:53,-0.87,134.08,80.33,76,100,4.61
405,Vestmannaeyjar,IS,2020-07-11 15:11:54,63.44,-20.27,53.6,81,90,12.75
406,Bushehr,IR,2020-07-11 15:11:54,28.97,50.84,96.8,50,31,9.17
407,San Carlos De Bariloche,AR,2020-07-11 15:11:54,-41.15,-71.31,35.6,80,75,16.11
408,Katobu,ID,2020-07-11 15:11:54,-4.94,122.53,74.01,95,2,3.51
409,Manadhoo,MV,2020-07-11 15:11:54,5.77,73.38,83.75,75,55,8.68
410,Ilulissat,GL,2020-07-11 15:11:55,69.22,-51.1,46.4,70,40,4.7
411,Port-Gentil,GA,2020-07-11 15:11:55,-0.72,8.78,80.6,74,40,13.82
412,High Rock,BS,2020-07-11 15:11:55,26.62,-78.28,87.8,79,75,11.41
413,Krasnogorskoye,RU,2020-07-11 15:11:55,52.3,86.2,57.42,84,60,1.68
414,Saint-Pierre,RE,2020-07-11 15:11:55,-21.34,55.48,71.6,64,50,3.36
415,Tiarei,PF,2020-07-11 15:11:55,-17.53,-149.33,73.4,73,20,4.7
416,Alibag,IN,2020-07-11 15:11:55,18.64,72.88,84.2,83,75,8.05
417,Kyren,RU,2020-07-11 15:11:56,51.68,102.14,63.3,74,100,0.34
418,Mayo,US,2020-07-11 15:08:18,38.89,-76.51,86.0,74,1,6.93
419,Shimoda,JP,2020-07-11 15:11:56,34.67,138.95,73.99,94,100,1.01
420,Kipini,KE,2020-07-11 15:11:56,-2.53,40.53,78.6,79,28,18.61
421,Mwanza,TZ,2020-07-11 15:11:56,-2.52,32.9,79.11,45,89,5.12
422,Huai Thalaeng,TH,2020-07-11 15:11:56,15.0,102.65,86.0,80,100,5.1
423,Zapolyarnyy,RU,2020-07-11 15:11:56,69.42,30.81,50.0,81,84,16.11
424,Lagoa,PT,2020-07-11 15:11:56,39.05,-27.98,69.28,77,19,11.27
425,Constantine,DZ,2020-07-11 15:11:56,36.37,6.61,96.8,20,40,9.17
426,Vaasa,FI,2020-07-11 15:11:57,63.1,21.62,64.4,52,77,13.87
427,Flinders,AU,2020-07-11 15:11:57,-34.58,150.86,48.99,89,99,1.01
428,Alihe,CN,2020-07-11 15:11:57,50.57,123.72,67.06,71,0,3.06
429,Asilah,MA,2020-07-11 15:11:57,35.47,-6.03,91.4,38,2,26.4
430,Zhigalovo,RU,2020-07-11 15:11:57,54.81,105.16,63.54,90,94,3.24
431,Chicama,PE,2020-07-11 15:11:57,-7.84,-79.15,67.87,65,90,7.52
432,Atherton,GB,2020-07-11 15:11:58,53.52,-2.49,64.0,57,5,5.99
433,Magistralnyy,RU,2020-07-11 15:11:58,56.17,107.45,65.97,82,99,2.68
434,Taltal,CL,2020-07-11 15:11:58,-25.4,-70.48,62.69,57,41,4.5
435,Asifabad,IN,2020-07-11 15:11:58,19.37,79.28,83.98,70,62,4.99
436,Salina Cruz,MX,2020-07-11 15:11:58,16.17,-95.2,80.8,77,96,7.85
437,Luderitz,NA,2020-07-11 15:11:58,-26.65,15.16,66.2,52,0,13.87
438,Valparaiso,CL,2020-07-11 15:07:53,-33.04,-71.63,53.6,100,40,6.93
439,Mazatan,MX,2020-07-11 15:11:59,14.87,-92.45,82.4,83,75,4.7
440,Callander,GB,2020-07-11 15:11:59,56.24,-4.22,64.0,61,82,5.01
441,Vao,NC,2020-07-11 15:09:10,-22.67,167.48,69.04,78,54,21.03
442,Ust-Barguzin,RU,2020-07-11 15:11:59,53.45,108.98,60.73,79,58,6.71
443,Afsin,TR,2020-07-11 15:11:59,38.25,36.91,85.91,19,16,12.97
444,Verkhoyansk,RU,2020-07-11 15:11:59,67.54,133.38,64.22,41,82,3.22
445,Luba,GQ,2020-07-11 15:11:59,3.46,8.55,77.0,100,75,5.82
446,Urucara,BR,2020-07-11 15:12:00,-2.54,-57.76,90.28,51,50,4.79
447,Cap Malheureux,MU,2020-07-11 15:12:00,-19.98,57.61,72.0,69,90,13.0
448,Safita,SY,2020-07-11 15:12:00,34.82,36.12,86.0,68,9,4.0
449,Lagoa Formosa,BR,2020-07-11 15:12:00,-18.78,-46.41,75.99,58,3,1.99
450,Bridlington,GB,2020-07-11 15:12:00,54.08,-0.19,64.4,55,72,11.41
451,Bonfim,BR,2020-07-11 15:12:00,3.08,-59.95,85.33,65,35,2.57
452,Saint-Paul-Les-Dax,FR,2020-07-11 15:12:00,43.73,-1.05,82.99,47,2,8.05
453,Katima Mulilo,NA,2020-07-11 15:12:01,-17.5,24.27,82.4,13,0,10.29
454,Dunn,US,2020-07-11 15:12:01,44.95,-91.88,78.01,60,1,5.82
455,Buala,SB,2020-07-11 15:12:01,-8.14,159.59,81.25,76,99,11.14
456,Paracuru,BR,2020-07-11 15:12:01,-3.41,-39.03,82.0,69,38,11.99
457,Sironj,IN,2020-07-11 15:12:01,24.1,77.7,82.8,77,100,10.31
458,Mwene-Ditu,CD,2020-07-11 15:12:02,-7.0,23.45,90.1,26,86,6.89
459,Buritis,BR,2020-07-11 15:12:02,-15.62,-46.42,81.28,38,0,8.23
460,Lasa,IT,2020-07-11 15:12:02,46.62,10.7,57.2,76,40,5.82
461,Gao,ML,2020-07-11 15:12:02,16.64,1.64,98.33,29,40,12.57
462,Male,MV,2020-07-11 15:12:02,4.17,73.51,86.0,79,75,5.82
463,Lalmohan,BD,2020-07-11 15:12:02,22.34,90.74,83.84,85,100,15.14
464,Barra Patuca,HN,2020-07-11 15:12:02,15.8,-84.28,83.86,72,71,10.63
465,Santa Barbara,US,2020-07-11 15:12:03,34.42,-119.7,57.2,100,90,3.36
466,Mozarlandia,BR,2020-07-11 15:12:03,-14.74,-50.57,89.83,35,34,9.4
467,Meulaboh,ID,2020-07-11 15:12:03,4.14,96.13,77.52,89,99,7.09
468,Kailua,US,2020-07-11 15:12:01,21.4,-157.74,77.0,73,90,13.87
469,Pudozh,RU,2020-07-11 15:12:03,61.81,36.53,61.88,97,100,11.05
470,Birecik,TR,2020-07-11 15:12:03,37.03,37.99,89.6,31,40,8.05
471,Conakry,GN,2020-07-11 15:11:05,9.54,-13.68,77.34,89,100,19.39
472,Kostomuksha,RU,2020-07-11 15:09:03,64.57,30.58,58.42,75,100,4.7
473,Srivardhan,IN,2020-07-11 15:12:04,18.03,73.02,82.09,83,93,8.66
474,Rio Negro,BR,2020-07-11 15:08:26,-26.11,-49.8,70.93,69,27,6.76
475,Maniitsoq,GL,2020-07-11 15:12:04,65.42,-52.9,44.46,77,22,9.33
476,Apatity,RU,2020-07-11 15:12:04,67.56,33.4,57.15,78,61,4.59
477,Acajutla,SV,2020-07-11 15:12:04,13.59,-89.83,75.2,100,100,0.47
478,Cabras,IT,2020-07-11 15:12:04,39.93,8.53,84.99,45,0,7.0
479,Kahuta,PK,2020-07-11 15:12:05,33.59,73.39,75.2,78,75,25.28
480,Gigmoto,PH,2020-07-11 15:12:05,13.78,124.39,81.45,80,50,3.36
481,Barahona,DO,2020-07-11 15:12:05,18.21,-71.1,89.6,62,20,13.87
482,Miraflores,MX,2020-07-11 15:12:05,19.22,-98.81,62.6,55,75,6.93
483,Litovko,RU,2020-07-11 15:12:05,49.24,135.17,60.76,86,81,3.8
484,Yarmouth,US,2020-07-11 15:12:06,41.71,-70.23,77.0,88,90,8.05
485,Dudinka,RU,2020-07-11 15:12:06,69.41,86.18,51.8,87,75,17.9
486,Husavik,IS,2020-07-11 15:12:06,66.04,-17.34,59.0,58,75,9.17
487,Warrington,GB,2020-07-11 15:12:06,53.39,-2.58,64.0,55,40,16.11
488,Lusambo,CD,2020-07-11 15:12:06,-4.97,23.45,89.82,33,97,0.72
489,Valle De Allende,MX,2020-07-11 15:12:06,26.93,-105.4,79.57,42,2,5.06
490,Kapustin Yar,RU,2020-07-11 15:12:07,48.58,45.74,93.97,29,0,12.12
491,Svetlyy,RU,2020-07-11 15:12:07,54.67,20.13,62.6,63,20,11.18
492,Sieradz,PL,2020-07-11 15:12:07,51.6,18.73,57.99,86,100,1.01
493,Poplar Bluff,US,2020-07-11 15:12:07,36.76,-90.39,84.2,58,1,5.82
494,Capelinha,BR,2020-07-11 15:12:07,-17.69,-42.52,69.19,62,90,4.74
495,Gull Lake,CA,2020-07-11 15:12:07,50.1,-108.48,60.8,87,1,5.82
496,Awbari,LY,2020-07-11 15:12:07,26.59,12.78,100.65,10,0,11.52
497,Saldanha,ZA,2020-07-11 15:12:08,-33.01,17.94,59.0,54,7,5.82
498,Smithers,CA,2020-07-11 15:12:08,54.78,-127.17,50.0,87,75,2.24
499,Marawi,PH,2020-07-11 15:12:08,8.0,124.29,75.99,94,100,5.01
500,Kerema,PG,2020-07-11 15:12:08,-7.96,145.78,76.86,86,100,3.69
501,Emba,KZ,2020-07-11 15:12:08,48.83,58.14,95.65,22,44,9.08
502,Cleveland,US,2020-07-11 15:11:34,41.5,-81.7,73.4,78,90,21.92
503,Sangar,RU,2020-07-11 15:12:08,63.92,127.47,68.67,67,83,9.78
504,Korla,CN,2020-07-11 15:11:13,41.76,86.15,79.0,70,52,5.99
505,Bathurst,AU,2020-07-11 15:09:46,-33.42,149.58,46.0,93,99,0.69
506,Strezhevoy,RU,2020-07-11 15:12:09,60.73,77.59,68.0,82,40,1.3
507,Mgandu,TZ,2020-07-11 15:12:09,-5.95,34.13,74.44,47,86,8.05
508,Eureka,US,2020-07-11 15:12:09,40.8,-124.16,59.0,100,51,1.01
509,Coahuayana,MX,2020-07-11 15:12:09,18.73,-103.68,78.8,78,75,1.12
510,Kununurra,AU,2020-07-11 15:12:09,-15.77,128.73,66.2,36,47,12.64
511,Tual,ID,2020-07-11 15:09:11,-5.67,132.75,79.59,86,97,18.52
512,Petropavlovsk-Kamchatskiy,RU,2020-07-11 15:12:09,53.05,158.65,53.6,100,75,4.47
513,Tura,IN,2020-07-11 15:12:10,25.52,90.22,74.91,97,100,7.63
514,Cedral,MX,2020-07-11 15:12:10,23.8,-100.73,70.43,59,47,5.1
515,Uray,RU,2020-07-11 15:12:10,60.12,64.78,75.29,53,23,11.43
516,Ailigandi,PA,2020-07-11 15:12:10,9.23,-78.02,80.6,81,100,13.02
517,Mentougou,CN,2020-07-11 15:12:10,39.94,116.09,82.99,90,100,1.54
518,Bawku,GH,2020-07-11 15:12:10,11.06,-0.24,87.98,53,82,8.59
519,Elizabeth City,US,2020-07-11 15:08:41,36.29,-76.25,84.2,70,1,11.41
520,Asyut,EG,2020-07-11 15:12:11,27.18,31.18,105.8,24,6,12.75
521,Matamoros,MX,2020-07-11 15:12:11,25.53,-103.25,86.0,37,5,3.36
522,Basoko,CD,2020-07-11 15:12:11,1.24,23.62,86.72,55,57,1.1
523,Tiznit,MA,2020-07-11 15:12:11,29.58,-9.5,93.96,22,0,9.26
524,Graham,US,2020-07-11 15:10:20,47.05,-122.29,61.0,87,1,5.82
525,Bonavista,CA,2020-07-11 15:12:11,48.65,-53.11,54.0,83,12,8.99
526,Lewistown,US,2020-07-11 15:09:08,40.6,-77.57,78.8,74,90,6.93
527,Lowicz,PL,2020-07-11 15:09:28,52.11,19.95,57.99,10,100,4.7
528,General Pico,AR,2020-07-11 15:12:12,-35.66,-63.76,53.85,38,26,13.69
529,Straumen,NO,2020-07-11 15:12:12,63.87,11.3,59.0,54,75,17.22
530,Tambilil,PH,2020-07-11 15:12:12,5.96,124.67,78.66,77,98,2.91
531,Port Moresby,PG,2020-07-11 15:11:07,-9.44,147.18,75.58,91,100,11.07
532,Townsville,AU,2020-07-11 15:12:12,-19.25,146.8,66.2,100,90,6.24
